,price,rating,brand,ram,ssd_storage,color,processor
0,69990.0,3,Hp,16.0,512,Silver,Snapdragon
1,49990.0,3,Acer,8.0,512,Silver,AMD
2,44999.0,4,Lenovo,8.0,512,Silver,AMD
3,69990.0,3,Dell,16.0,512,Grey,Intel
4,73990.0,4,Apple,8.0,256,Grey,Unknown
5,73990.0,4,Apple,8.0,256,Silver,Unknown
6,65990.0,4,Asus,16.0,512,Blue,Intel
7,67990.0,4,Asus,16.0,512,Silver,Intel
8,172490.0,4,Apple,16.0,1024,Silver,Unknown
9,464490.0,5,Apple,36.0,2048,Black,Unknown
10,42990.0,4,Acer,15.20558882235529,512,Gray,AMD
11,44990.0,4,Acer,8.0,256,Silver,AMD
12,35690.0,3,Acer,15.20558882235529,256,Silver,Intel
13,35990.0,1,Acer,8.0,256,Silver,Intel
14,57490.0,3,Dell,8.0,512,Black,Intel
15,62490.0,4,Dell,16.0,512,Black,Intel
16,82654.0,3,Lenovo,16.0,512,Grey,Unknown
17,29990.0,4,Hp,4.0,512,Gray,MediaTek
18,38700.0,2,Acer,8.0,512,Silver,AMD
19,50500.0,5,Hp,15.20558882235529,512,Silver,Intel
20,44990.0,4,Hp,12.0,512,Silver,Intel
21,49990.0,3,Acer,8.0,512,Silver,AMD
22,69990.0,3,Hp,16.0,512,Silver,Snapdragon
23,342490.0,4,Apple,24.0,2048,Silver,Unknown
24,47990.0,3,Acer,8.0,512,Silver,AMD
25,69790.0,4,Hp,16.0,512,Silver,AMD
26,49350.0,4,Hp,8.0,512,Silver,AMD
27,64390.0,3,Acer,15.20558882235529,512,Silver,Intel
28,73990.0,4,Apple,8.0,256,Grey,Unknown
29,61490.0,5,Hp,15.20558882235529,512,Silver,Intel
30,44990.0,5,Acer,8.0,256,Silver,AMD
31,194990.0,4,Apple,24.0,1024,Silver,Unknown
32,54990.0,4,Lenovo,8.0,512,Grey,AMD
33,95990.0,4,Hp,6.0,512,Blue,AMD
34,58800.0,4,Lenovo,15.20558882235529,512,Grey,Intel
35,68490.0,3,Lenovo,16.0,512,Grey,AMD
36,73990.0,4,Apple,8.0,256,Silver,Unknown
37,69999.0,3,Lenovo,16.0,512,Grey,AMD
38,60250.0,5,Acer,15.20558882235529,512,Silver,Intel
39,32990.0,4,Hp,4.0,512,Gray,MediaTek
40,82990.0,4,Asus,16.0,512,Silver,Intel
41,56900.0,5,Lenovo,16.0,512,Grey,AMD
42,54058.0,4,Lenovo,8.0,512,Grey,Intel
43,24990.0,3,Asus,4.0,64,Blue,MediaTek
44,55990.0,4,Lenovo,8.0,512,Grey,AMD
45,58990.0,4,Hp,16.0,512,Silver,Intel
46,58990.0,4,Asus,8.0,512,Silver,Intel
47,69990.0,3,Hp,16.0,512,Silver,Snapdragon
48,49990.0,3,Acer,8.0,512,Silver,AMD
49,342490.0,4,Apple,24.0,2048,Silver,Unknown
50,67400.0,3,Hp,16.0,512,Silver,AMD
51,25640.0,5,Maxbook,8.0,256,Silver,Unknown
52,64390.0,3,Acer,15.20558882235529,512,Silver,Intel
53,73990.0,4,Apple,8.0,256,Grey,Unknown
54,87990.0,4,Lenovo,24.0,1024,Grey,Intel
55,42999.0,3,Hp,8.0,512,Black,Intel
56,54990.0,4,Lenovo,8.0,512,Grey,AMD
57,68490.0,3,Lenovo,16.0,512,Grey,AMD
58,24990.0,3,Asus,4.0,64,Blue,MediaTek
59,68699.0,3,Hp,16.0,512,Silver,Intel
60,73990.0,4,Apple,8.0,256,Silver,Unknown
61,194990.0,4,Apple,24.0,1024,Silver,Unknown
62,47990.0,3,Acer,8.0,512,Silver,AMD
63,67999.0,4,Lenovo,16.0,512,Grey,AMD
64,39890.0,3,Acer,12.0,512,Silver,Intel
65,48990.0,3,Asus,8.0,512,Silver,AMD
66,84990.0,4,Hp,16.0,1024,Silver,Snapdragon
67,98990.0,3,Lenovo,16.0,512,Grey,Intel
68,56690.0,3,Lenovo,16.0,512,Grey,AMD
69,77990.0,3,Hp,16.0,512,Silver,Intel
70,53490.0,4,Lenovo,15.20558882235529,512,Grey,AMD
71,31990.0,4,Primebook,8.0,512,Gray,MediaTek
72,69990.0,3,Hp,16.0,512,Silver,Snapdragon
73,49990.0,3,Acer,8.0,512,Silver,AMD
74,64390.0,3,Acer,15.20558882235529,512,Silver,Intel
75,77990.0,3,Hp,16.0,512,Silver,Intel
76,31990.0,4,Primebook,8.0,512,Gray,MediaTek
77,73990.0,4,Apple,8.0,256,Grey,Unknown
78,85990.0,4,Hp,16.0,1024,Silver,Snapdragon
79,45990.0,3,Acer,8.0,256,Silver,AMD
80,129990.0,4,Hp,8.0,1024,Silver,Intel
81,342490.0,4,Apple,24.0,2048,Silver,Unknown
82,54990.0,4,Lenovo,8.0,512,Grey,AMD
83,66690.0,5,Dell,16.0,512,Silver,Intel
84,65990.0,3,Hp,16.0,1024,Silver,Intel
85,194990.0,4,Apple,24.0,1024,Silver,Unknown
86,73990.0,4,Apple,8.0,256,Silver,Unknown
87,84990.0,2,Acer,32.0,1024,Silver,AMD
88,63990.0,4,Asus,16.0,512,Silver,Snapdragon
89,132990.0,4,Lenovo,6.0,512,Grey,AMD
90,53990.0,2,Dell,8.0,512,Black,Unknown
91,87990.0,4,Dell,16.0,512,Silver,Intel
92,49990.0,4,Acer,8.0,512,Gray,Intel
93,61500.0,4,Hp,15.20558882235529,512,Silver,Intel
94,54990.0,3,Hp,8.0,512,Silver,AMD
95,66798.0,4,Hp,8.0,512,Silver,Intel
96,70990.0,3,Lenovo,16.0,512,Grey,Intel
97,69990.0,3,Hp,16.0,512,Silver,Snapdragon
98,49990.0,3,Acer,8.0,512,Silver,AMD
99,64390.0,3,Acer,15.20558882235529,512,Silver,Intel
100,48990.0,4,Acer,8.0,256,Grey,Intel
101,42990.0,4,Asus,8.0,128,Silver,MediaTek
102,54990.0,4,Lenovo,8.0,512,Grey,AMD
103,73990.0,4,Apple,8.0,256,Grey,Unknown
104,66798.0,4,Hp,8.0,512,Silver,Intel
105,61200.0,4,Lenovo,16.0,512,Grey,AMD
106,68490.0,3,Lenovo,16.0,512,Grey,AMD
107,73990.0,4,Apple,8.0,256,Silver,Unknown
108,69990.0,3,Hp,16.0,512,Silver,Snapdragon
109,79589.0,4,Lenovo,15.20558882235529,512,Grey,Intel
110,342490.0,4,Apple,24.0,2048,Silver,Unknown
111,79990.0,4,Hp,16.0,512,Silver,Snapdragon
112,42999.0,3,Hp,15.20558882235529,256,Black,AMD
113,54990.0,4,Asus,8.0,512,Black,AMD
114,184990.0,4,Asus,8.0,512,Gray,AMD
115,249990.0,3,Asus,8.0,512,Gray,Intel
116,91700.0,3,Lenovo,16.0,512,Silver,AMD
117,63990.0,3,Hp,16.0,512,Silver,Intel
118,59990.0,4,Acer,15.20558882235529,512,Gray,AMD
119,85890.0,4,Dell,16.0,512,Silver,Intel
120,24900.0,4,Tech,4.0,128,Silver,Unknown
121,84990.0,3,Lenovo,16.0,512,Blue,Intel
122,69990.0,3,Hp,16.0,512,Silver,Snapdragon
123,49990.0,3,Acer,8.0,512,Silver,AMD
124,342490.0,4,Apple,24.0,2048,Silver,Unknown
125,149990.0,4,Hp,8.0,1024,Black,Intel
126,68480.0,5,Hp,16.0,512,Silver,Intel
127,73490.0,2,Dell,8.0,512,Black,Intel
128,68490.0,3,Lenovo,16.0,512,Grey,AMD
129,99990.0,4,Hp,6.0,512,Silver,Intel
130,43950.0,4,Hp,8.0,256,Silver,AMD
131,64390.0,3,Acer,15.20558882235529,512,Silver,Intel
132,73990.0,4,Apple,8.0,256,Silver,Unknown
133,54650.0,3,Acer,8.0,512,Silver,Intel
134,50031.0,4,Hp,15.20558882235529,512,Silver,Intel
135,54990.0,4,Lenovo,8.0,512,Grey,AMD
136,194990.0,4,Apple,24.0,1024,Silver,Unknown
137,89990.0,5,Hp,4.0,512,Silver,Intel
138,186990.0,4,Hp,16.0,1024,Gray,Intel
139,234454.0,4,Hp,15.20558882235529,1024,Silver,Intel
140,57990.0,4,Lenovo,15.20558882235529,512,Grey,AMD
141,124886.05605786618,4,Hp,6.0,512,Blue,AMD
142,136990.0,4,Hp,8.0,1024,Black,AMD
143,169890.0,3,Lenovo,16.0,1024,Grey,AMD
144,85000.0,5,Hp,15.20558882235529,512,Grey,Intel
145,62350.0,3,Dell,15.20558882235529,512,Blue,Intel
146,166990.0,4,Hp,8.0,1024,Black,Intel
147,69990.0,3,Hp,16.0,512,Silver,Snapdragon
148,49990.0,3,Acer,8.0,512,Silver,AMD
149,342490.0,4,Apple,24.0,2048,Silver,Unknown
150,62350.0,3,Dell,15.20558882235529,512,Blue,Intel
151,85000.0,5,Hp,15.20558882235529,512,Grey,Intel
152,68490.0,3,Lenovo,16.0,512,Grey,AMD
153,64390.0,3,Acer,15.20558882235529,512,Silver,Intel
154,68700.0,3,Lenovo,15.20558882235529,512,Grey,Intel
155,53280.0,4,Hp,15.20558882235529,512,Silver,AMD
156,194990.0,4,Apple,24.0,1024,Silver,Unknown
157,54990.0,4,Lenovo,8.0,512,Grey,AMD
158,319990.0,4,Alienware,32.0,1024,Grey,Intel
159,63990.0,4,Hp,8.0,1024,Silver,Intel
160,73990.0,4,Apple,8.0,256,Grey,Unknown
161,85990.0,4,Hp,16.0,1024,Silver,Snapdragon
162,82990.0,3,Dell,16.0,512,Silver,Intel
163,49400.0,4,Lenovo,8.0,512,Grey,AMD
164,52999.0,4,Lenovo,15.20558882235529,512,Grey,Intel
165,58990.0,3,Dell,16.0,512,Black,Intel
166,126790.0,4,Lenovo,16.0,1024,Grey,Intel
167,59990.0,3,Dell,16.0,512,Silver,AMD
168,334990.0,4,Asus,128.0,1024,Black,AMD
169,55780.0,4,Hp,16.0,512,Silver,AMD
170,531490.0,4,Alienware,24.0,2048,Silver,Intel
171,290000.0,5,Lenovo,32.0,1024,Grey,Intel
172,69990.0,3,Hp,16.0,512,Silver,Snapdragon
173,464490.0,5,Apple,36.0,2048,Black,Unknown
174,47990.0,3,Acer,8.0,512,Silver,AMD
175,194990.0,4,Apple,24.0,1024,Blue,Unknown
176,78100.0,4,Lenovo,16.0,512,Grey,Intel
177,85990.0,3,Hp,24.0,1024,Silver,Intel
178,194990.0,4,Apple,24.0,1024,Silver,Unknown
179,124886.05605786618,3,Hp,32.0,1024,Silver,Intel
180,290000.0,5,Lenovo,32.0,1024,Grey,Intel
181,73990.0,4,Apple,8.0,256,Silver,Unknown
182,73990.0,4,Apple,8.0,256,Grey,Unknown
183,124900.0,5,Lenovo,16.0,512,Black,Intel
184,68990.0,5,Hp,15.20558882235529,512,Silver,Intel
185,64390.0,3,Acer,15.20558882235529,512,Silver,Intel
186,342490.0,4,Apple,24.0,1024,Silver,Unknown
187,60650.0,4,Asus,16.0,512,Black,AMD
188,87900.0,4,Acer,6.0,512,Gray,Intel
189,82990.0,3,Hp,16.0,1024,Silver,Intel
190,89890.0,3,Lenovo,15.20558882235529,512,Grey,Intel
191,43490.0,3,Hp,8.0,512,Silver,AMD
192,165000.0,4,Lenovo,8.0,1024,Grey,Intel
193,93990.0,4,Hp,15.20558882235529,512,Silver,Intel
194,81990.0,4,Acer,4.0,512,Gray,Intel
195,499990.0,4,Acer,15.20558882235529,512,Black,Intel
196,78990.0,5,Hp,15.20558882235529,512,Silver,Intel
197,69990.0,3,Hp,16.0,512,Silver,Snapdragon
198,49990.0,3,Acer,8.0,512,Silver,AMD
199,342490.0,4,Apple,24.0,2048,Silver,Unknown
200,93990.0,5,Hp,16.0,512,Silver,Intel
201,87900.0,4,Acer,6.0,512,Gray,Intel
202,194990.0,4,Apple,24.0,1024,Silver,Unknown
203,64390.0,3,Acer,15.20558882235529,512,Silver,Intel
204,499990.0,4,Acer,15.20558882235529,512,Black,Intel
205,81700.0,4,Lenovo,16.0,512,Grey,Unknown
206,73990.0,4,Apple,8.0,256,Silver,Unknown
207,68490.0,3,Lenovo,16.0,512,Grey,AMD
208,124990.0,4,Msi,16.0,128,Black,Unknown
209,78990.0,5,Hp,15.20558882235529,512,Silver,Intel
210,342490.0,4,Apple,24.0,1024,Silver,Unknown
211,200490.0,4,Apple,16.0,1024,Silver,Unknown
212,231490.0,4,Lenovo,8.0,1024,Black,Intel
213,27000.0,4,Unknown,8.0,256,Silver,Unknown
214,81990.0,4,Acer,4.0,512,Gray,Intel
215,52990.0,2,Acer,8.0,500,Silver,Intel
216,61500.0,3,Hp,15.20558882235529,512,Silver,Intel
217,26000.0,4,Unknown,8.0,256,Silver,Unknown
218,69900.0,4,Hp,15.20558882235529,512,Grey,Intel
219,48999.0,2,Lenovo,8.0,512,Silver,Unknown
220,269990.0,4,Asus,32.0,512,Black,Snapdragon
221,62500.0,1,Hp,16.0,512,Silver,Intel
222,69990.0,3,Hp,16.0,512,Silver,Snapdragon
223,85990.0,3,Hp,24.0,1024,Silver,Intel
224,75990.0,3,Hp,16.0,512,Silver,Intel
225,62500.0,1,Hp,16.0,512,Silver,Intel
226,71990.0,4,Asus,16.0,512,Blue,AMD
227,47990.0,3,Acer,8.0,512,Silver,AMD
228,342490.0,4,Apple,24.0,2048,Silver,Unknown
229,464490.0,5,Apple,36.0,2048,Black,Unknown
230,170999.0,5,New,16.0,1024,Silver,Snapdragon
231,194990.0,4,Apple,24.0,1024,Silver,Unknown
232,83465.0,3,Hp,24.0,1024,Silver,Intel
233,29000.0,4,Unknown,8.0,256,Silver,Unknown
234,53999.0,3,Acer,16.0,512,Black,AMD
235,73990.0,4,Apple,8.0,256,Silver,Unknown
236,589990.0,4,Apple,48.0,2048,Black,Unknown
237,513990.0,2,Apple,36.0,2048,Black,Unknown
238,54891.0,3,Dell,15.20558882235529,512,Blue,Intel
239,44990.0,1,Acer,8.0,512,Gray,AMD
240,69990.0,4,Samsung,16.0,512,Silver,Intel
241,185490.0,3,Lenovo,8.0,1024,Black,AMD
242,155990.0,3,Lenovo,32.0,1024,Grey,Intel
243,45999.0,3,Lenovo,8.0,512,Silver,AMD
244,26000.0,4,Unknown,8.0,256,Silver,Unknown
245,72365.0,4,Lenovo,16.0,512,Grey,Unknown
246,68480.0,3,Hp,16.0,512,Silver,Intel
247,69990.0,3,Hp,16.0,512,Silver,Snapdragon
248,342490.0,4,Apple,24.0,2048,Silver,Unknown
249,47990.0,3,Acer,8.0,512,Silver,AMD
250,72365.0,4,Lenovo,16.0,512,Grey,Unknown
251,26000.0,4,Unknown,8.0,256,Silver,Unknown
252,75990.0,3,Hp,16.0,512,Silver,Intel
253,194990.0,4,Apple,24.0,1024,Silver,Unknown
254,70849.0,4,Lenovo,16.0,512,Grey,Intel
255,29000.0,4,Unknown,8.0,256,Silver,Unknown
256,68490.0,3,Lenovo,16.0,512,Grey,AMD
257,73990.0,4,Apple,8.0,256,Silver,Unknown
258,182990.0,3,Hp,8.0,1024,Black,Intel
259,44680.0,2,Acer,15.20558882235529,512,Grey,AMD
260,73990.0,4,Apple,8.0,256,Silver,Unknown
261,342490.0,4,Apple,24.0,1024,Silver,Unknown
262,175000.0,3,Lenovo,16.0,1024,Grey,Intel
263,91289.0,3,Hp,4.0,1024,Silver,Intel
264,110990.0,4,Hp,16.0,512,Silver,Intel
265,94990.0,2,Lenovo,16.0,512,Grey,Intel
266,51990.0,3,Msi,16.0,512,Black,Intel
267,239990.0,3,Asus,32.0,1024,White,Intel
268,156555.0,4,Alienware,8.0,1024,Grey,Intel
269,164990.0,3,Hp,16.0,512,Silver,Intel
270,159990.0,3,Msi,16.0,512,Black,Intel
271,59990.0,4,Acer,16.0,512,Gray,AMD
272,342490.0,4,Apple,24.0,2048,Silver,Unknown
273,47990.0,3,Acer,8.0,512,Silver,AMD
274,194990.0,4,Apple,24.0,1024,Silver,Unknown
275,54680.0,4,Lenovo,8.0,512,Grey,Intel
276,114990.0,4,Hp,16.0,1024,Blue,Snapdragon
277,69990.0,3,Hp,16.0,512,Silver,Snapdragon
278,73990.0,4,Apple,8.0,256,Silver,Unknown
279,148000.0,4,Hp,8.0,1024,Silver,Intel
280,49560.0,3,Lenovo,15.20558882235529,512,Grey,AMD
281,589990.0,4,Apple,48.0,2048,Black,Unknown
282,200490.0,4,Apple,16.0,1024,Silver,Unknown
283,46590.0,3,Acer,15.20558882235529,512,Gray,AMD
284,219990.0,4,Lenovo,16.0,1024,Grey,Intel
285,83490.0,4,Apple,8.0,512,Silver,Unknown
286,136990.0,5,Lenovo,16.0,512,Grey,Intel
287,59990.0,4,Acer,16.0,512,Gray,AMD
288,49999.0,4,Acer,16.0,512,Silver,AMD
289,174990.0,3,Msi,16.0,512,Black,Intel
290,162990.0,3,Microsoft,16.0,512,Silver,Snapdragon
291,105540.0,3,Dell,6.0,512,Gray,Intel
292,52990.0,4,Acer,15.20558882235529,512,Gray,Intel
293,124886.05605786618,3,Hp,16.0,512,Silver,Intel
294,119990.0,5,Asus,4.0,512,Black,AMD
295,55990.0,4,Asus,8.0,512,Silver,Intel
296,342490.0,4,Apple,24.0,2048,Silver,Unknown
297,47990.0,3,Acer,8.0,512,Silver,AMD
298,194990.0,4,Apple,24.0,1024,Silver,Unknown
299,124886.05605786618,3,Hp,16.0,512,Silver,Intel
300,49999.0,4,Acer,16.0,512,Silver,AMD
301,69990.0,3,Hp,16.0,512,Silver,Snapdragon
302,73990.0,4,Apple,8.0,256,Silver,Unknown
303,136990.0,5,Lenovo,16.0,512,Grey,Intel
304,55990.0,4,Asus,8.0,512,Silver,Intel
305,342490.0,4,Apple,24.0,1024,Silver,Unknown
306,200490.0,4,Apple,16.0,1024,Silver,Unknown
307,48990.0,5,Acer,8.0,512,Silver,AMD
308,63425.0,3,Dell,15.20558882235529,512,Blue,Intel
309,83490.0,4,Apple,8.0,512,Silver,Unknown
310,73490.0,2,Dell,8.0,512,Black,Intel
311,174990.0,3,Msi,16.0,512,Black,Intel
312,54990.0,5,Asus,8.0,512,Silver,AMD
313,162990.0,3,Microsoft,16.0,512,Silver,Snapdragon
314,79990.0,2,Msi,16.0,512,Gray,AMD
315,74990.0,4,Acer,15.20558882235529,512,Silver,Intel
316,66939.0,3,Hp,15.20558882235529,512,Silver,AMD
317,58700.0,4,Lenovo,8.0,512,Grey,Intel
318,59990.0,3,Acer,16.0,512,Silver,AMD
319,85000.0,3,Hp,15.20558882235529,512,Silver,Intel
320,58990.0,5,Hp,15.20558882235529,512,Silver,AMD
321,342490.0,4,Apple,24.0,2048,Silver,Unknown
322,47990.0,3,Acer,8.0,512,Silver,AMD
323,194990.0,4,Apple,24.0,1024,Silver,Unknown
324,209780.0,5,Asus,32.0,1024,Gray,AMD
325,79990.0,4,Asus,16.0,512,Silver,Intel
326,73990.0,4,Apple,8.0,256,Silver,Unknown
327,342490.0,4,Apple,24.0,1024,Silver,Unknown
328,54500.0,4,Hp,8.0,512,Grey,Intel
329,66999.0,4,Lenovo,16.0,512,Grey,AMD
330,200490.0,4,Apple,16.0,1024,Silver,Unknown
331,83490.0,4,Apple,8.0,512,Silver,Unknown
332,69990.0,2,Hp,16.0,512,Silver,Intel
333,78000.0,4,Hp,16.0,1024,Silver,AMD
334,69990.0,3,Hp,16.0,512,Silver,Snapdragon
335,69990.0,4,Hp,16.0,512,Silver,AMD
336,58990.0,5,Asus,8.0,512,Black,AMD
337,86990.0,4,Lenovo,16.0,1024,Grey,Intel
338,85024.0,4,Hp,16.0,512,Silver,Intel
339,62850.0,4,Asus,16.0,512,Blue,Intel
340,159990.0,4,Lenovo,32.0,1024,Silver,Intel
341,158990.0,3,Lenovo,8.0,1024,Grey,Intel
342,67990.0,3,Lenovo,16.0,512,Grey,Intel
343,72600.0,4,Lenovo,16.0,512,Grey,Intel
344,89900.0,3,Hp,16.0,512,Silver,Intel
345,75990.0,3,Hp,16.0,512,Silver,Intel
346,342490.0,4,Apple,24.0,2048,Silver,Unknown
347,47990.0,3,Acer,8.0,512,Silver,AMD
348,54800.0,3,Hp,8.0,512,Silver,Intel
349,134990.0,5,Microsoft,16.0,256,Silver,Snapdragon
350,194990.0,4,Apple,24.0,1024,Silver,Unknown
351,69990.0,3,Hp,16.0,512,Silver,Snapdragon
352,124790.0,3,Lenovo,16.0,512,Grey,Intel
353,72900.0,4,Lenovo,16.0,512,Grey,Intel
354,73990.0,4,Apple,8.0,256,Silver,Unknown
355,342490.0,4,Apple,24.0,1024,Silver,Unknown
356,72900.0,3,Hp,16.0,512,Silver,AMD
357,60990.0,4,Asus,16.0,512,Silver,AMD
358,200490.0,4,Apple,16.0,1024,Silver,Unknown
359,83490.0,4,Apple,8.0,512,Silver,Unknown
360,99990.0,4,Lenovo,16.0,512,Black,AMD
361,124886.05605786618,4,Lenovo,8.0,1024,Grey,Intel
362,86990.0,4,Hp,15.20558882235529,512,Silver,Intel
363,94900.0,4,Hp,4.0,512,Blue,Intel
364,103990.0,5,Dell,16.0,512,Silver,Intel
365,52680.0,3,Dell,8.0,512,Blue,Intel
366,249990.0,4,Hp,32.0,1024,Silver,Intel
367,82990.0,3,Lenovo,16.0,1024,Grey,Unknown
368,193990.0,4,Lenovo,32.0,1024,Grey,Intel
369,215990.0,3,Lenovo,8.0,1024,Grey,Intel
370,342490.0,4,Apple,24.0,2048,Silver,Unknown
371,47990.0,3,Acer,8.0,512,Silver,AMD
372,194990.0,4,Apple,24.0,1024,Silver,Unknown
373,215990.0,3,Lenovo,8.0,1024,Grey,Intel
374,94990.0,4,Hp,16.0,512,Blue,Intel
375,222990.0,5,Apple,24.0,1024,Silver,Unknown
376,73990.0,4,Apple,8.0,256,Silver,Unknown
377,114990.0,4,Hp,6.0,512,Silver,Unknown
378,445000.0,3,Msi,64.0,512,Black,Intel
379,342490.0,4,Apple,24.0,1024,Silver,Unknown
380,83490.0,4,Apple,8.0,512,Silver,Unknown
381,174500.0,4,Lenovo,8.0,1024,Grey,AMD
382,431990.0,2,Asus,16.0,2048,Black,AMD
383,69990.0,3,Hp,16.0,512,Silver,Snapdragon
384,118990.0,4,Lenovo,16.0,512,Grey,Intel
385,94990.0,5,Asus,16.0,512,Blue,AMD
386,199990.0,4,Lenovo,32.0,1024,Silver,Intel
387,999990.0,1,Alienware,16.0,2048,Silver,Intel
388,58990.0,4,Asus,8.0,512,Blue,Intel
389,58990.0,3,Asus,8.0,512,Silver,Intel
390,63990.0,4,Hp,8.0,512,Blue,Unknown
391,136990.0,4,Asus,16.0,512,Gray,Intel
392,529990.0,5,Asus,24.0,2048,Black,AMD
393,60990.0,4,Lenovo,8.0,512,Grey,Intel
394,342490.0,4,Apple,24.0,2048,Silver,Unknown
395,47990.0,3,Acer,8.0,512,Silver,AMD
396,194990.0,4,Apple,24.0,1024,Silver,Unknown
397,58990.0,4,Asus,8.0,512,Blue,Intel
398,58990.0,3,Asus,8.0,512,Silver,Intel
399,73990.0,4,Apple,8.0,256,Silver,Unknown
400,69990.0,3,Hp,16.0,512,Silver,Snapdragon
401,63990.0,4,Hp,8.0,512,Blue,Unknown
402,136990.0,4,Asus,16.0,512,Gray,Intel
403,342490.0,4,Apple,24.0,1024,Silver,Unknown
404,200490.0,4,Apple,16.0,1024,Silver,Unknown
405,529990.0,5,Asus,24.0,2048,Black,AMD
406,60990.0,4,Lenovo,8.0,512,Grey,Intel
407,83490.0,4,Apple,8.0,512,Silver,Unknown
408,53780.0,3,Hp,15.20558882235529,512,Silver,AMD
409,88990.0,4,Hp,16.0,512,Silver,Intel
410,186990.0,4,New,16.0,1024,Silver,Snapdragon
411,105000.0,5,Msi,16.0,512,Grey,Intel
412,19990.0,5,Acer,4.0,512,Black,MediaTek
413,61490.0,5,Hp,15.20558882235529,512,Silver,Intel
414,48990.0,4,Lenovo,8.0,512,Silver,AMD
415,273490.0,5,Lenovo,8.0,1024,White,Intel
416,91990.0,5,Hp,15.20558882235529,512,Silver,Intel
417,349990.0,4,Dell,64.0,2048,Silver,Intel
418,342490.0,4,Apple,24.0,2048,Silver,Unknown
419,47990.0,3,Acer,8.0,512,Silver,AMD
420,194990.0,4,Apple,24.0,1024,Silver,Unknown
421,136990.0,4,Hp,8.0,1024,Black,AMD
422,84140.0,4,Hp,15.20558882235529,512,Silver,Intel
423,75990.0,3,Hp,16.0,512,Silver,Intel
424,73990.0,4,Apple,8.0,256,Silver,Unknown
425,51100.0,3,Dell,15.20558882235529,512,Black,AMD
426,28299.0,4,Model,8.0,512,Silver,Unknown
427,73990.0,4,Apple,8.0,256,Grey,Unknown
428,69990.0,3,Hp,16.0,512,Silver,Snapdragon
429,50490.0,4,Acer,8.0,512,Black,Unknown
430,44999.0,5,Acer,8.0,512,Silver,AMD
431,342490.0,4,Apple,24.0,1024,Silver,Unknown
432,200490.0,4,Apple,16.0,1024,Silver,Unknown
433,53200.0,3,Hp,15.20558882235529,512,Silver,AMD
434,101990.0,4,Asus,16.0,512,Silver,Intel
435,69999.0,4,Lenovo,16.0,1024,Grey,Intel
436,65990.0,3,Hp,16.0,512,Silver,Intel
437,9999.0,2,Jiobook,4.0,512,Blue,MediaTek
438,56000.0,4,Hp,8.0,512,Silver,Intel
439,103990.0,4,Lenovo,16.0,1024,Grey,Intel
440,81490.0,5,Dell,16.0,512,Silver,Intel
441,82970.0,4,Lenovo,16.0,512,Silver,AMD
442,64810.0,4,Dell,8.0,512,Silver,Intel
443,44990.0,4,Acer,8.0,256,Silver,AMD
444,464490.0,5,Apple,36.0,2048,Black,Unknown
445,172490.0,4,Apple,16.0,1024,Blue,Unknown
446,65990.0,3,Hp,16.0,512,Silver,Intel
447,9999.0,2,Jiobook,4.0,512,Blue,MediaTek
448,75990.0,3,Hp,16.0,512,Silver,Intel
449,222990.0,5,Apple,24.0,1024,Silver,Unknown
450,56000.0,4,Hp,8.0,512,Silver,Intel
451,103990.0,4,Lenovo,16.0,1024,Grey,Intel
452,73990.0,4,Apple,8.0,256,Silver,Unknown
453,73990.0,4,Apple,8.0,256,Grey,Unknown
454,81490.0,5,Dell,16.0,512,Silver,Intel
455,82970.0,4,Lenovo,16.0,512,Silver,AMD
456,342490.0,4,Apple,24.0,1024,Silver,Unknown
457,69990.0,3,Hp,16.0,512,Silver,Snapdragon
458,64810.0,4,Dell,8.0,512,Silver,Intel
459,108990.0,4,Hp,6.0,512,Silver,Intel
460,51990.0,3,Acer,16.0,512,Gray,AMD
461,68990.0,3,Hp,16.0,512,Silver,Intel
462,75990.0,3,Hp,16.0,512,Silver,Intel
463,124886.05605786618,3,Lenovo,16.0,512,Grey,Intel
464,67000.0,4,Lenovo,15.20558882235529,512,Grey,Snapdragon
465,64390.0,3,Acer,15.20558882235529,512,Silver,Intel
466,40999.0,4,Acer,8.0,512,Gray,AMD
467,124886.05605786618,4,Lenovo,16.0,512,Grey,Intel
468,47990.0,3,Acer,8.0,512,Silver,AMD
469,69990.0,3,Hp,16.0,512,Silver,Snapdragon
470,342490.0,4,Apple,24.0,2048,Silver,Unknown
471,115990.0,3,Hp,16.0,1024,Silver,Intel
472,40990.0,5,Acer,15.20558882235529,256,Silver,AMD
473,73990.0,4,Apple,8.0,256,Grey,Unknown
474,194990.0,4,Apple,24.0,1024,Silver,Unknown
475,73990.0,4,Apple,8.0,256,Silver,Unknown
476,513990.0,2,Apple,36.0,2048,Silver,Unknown
477,200490.0,4,Apple,16.0,1024,Silver,Unknown
478,68490.0,3,Lenovo,16.0,512,Grey,AMD
479,69990.0,3,Hp,16.0,512,Silver,Snapdragon
480,342490.0,4,Apple,24.0,2048,Silver,Unknown
481,47990.0,3,Acer,8.0,512,Silver,AMD
482,194990.0,4,Apple,24.0,1024,Silver,Unknown
483,75990.0,3,Hp,16.0,512,Silver,Intel
484,73990.0,4,Apple,8.0,256,Silver,Unknown
485,73990.0,4,Apple,8.0,256,Grey,Unknown
486,342490.0,4,Apple,24.0,1024,Silver,Unknown
487,200490.0,4,Apple,16.0,1024,Silver,Unknown
488,342490.0,4,Apple,24.0,2048,Silver,Unknown
489,47990.0,3,Acer,8.0,512,Silver,AMD
490,194990.0,4,Apple,24.0,1024,Silver,Unknown
491,75990.0,3,Hp,16.0,512,Silver,Intel
492,69990.0,3,Hp,16.0,512,Silver,Snapdragon
493,73990.0,4,Apple,8.0,256,Silver,Unknown
494,589990.0,4,Apple,48.0,2048,Black,Unknown
495,73990.0,4,Apple,8.0,256,Grey,Unknown
496,200490.0,4,Apple,16.0,1024,Silver,Unknown
497,342490.0,4,Apple,24.0,2048,Silver,Unknown
498,47990.0,3,Acer,8.0,512,Silver,AMD
499,172490.0,4,Apple,16.0,1024,Blue,Unknown
500,69990.0,3,Hp,16.0,512,Silver,Snapdragon
501,73990.0,4,Apple,8.0,256,Silver,Unknown
502,73990.0,4,Apple,8.0,256,Silver,Unknown
503,342490.0,4,Apple,24.0,1024,Silver,Unknown
504,200490.0,4,Apple,16.0,1024,Silver,Unknown
505,75990.0,3,Hp,16.0,512,Silver,Intel
506,44990.0,4,Acer,8.0,256,Silver,AMD
507,342490.0,4,Apple,24.0,2048,Silver,Unknown
508,194990.0,4,Apple,24.0,1024,Silver,Unknown
509,69990.0,3,Hp,16.0,512,Silver,Snapdragon
510,73990.0,4,Apple,8.0,256,Grey,Unknown
511,73990.0,4,Apple,8.0,256,Silver,Unknown
512,342490.0,4,Apple,24.0,1024,Silver,Unknown
513,200490.0,4,Apple,16.0,1024,Silver,Unknown
514,79990.0,4,Hp,16.0,512,Silver,Snapdragon
515,75990.0,3,Hp,16.0,512,Silver,Intel
516,69990.0,3,Hp,16.0,512,Silver,Snapdragon
517,342490.0,4,Apple,24.0,2048,Silver,Unknown
518,44990.0,4,Acer,8.0,256,Silver,AMD
519,73990.0,4,Apple,8.0,256,Grey,Unknown
520,81490.0,5,Dell,16.0,512,Silver,Intel
521,194990.0,4,Apple,24.0,1024,Silver,Unknown
522,73990.0,4,Apple,8.0,256,Silver,Unknown
523,101990.0,4,Asus,16.0,512,Silver,Intel
524,69990.0,3,Hp,16.0,512,Silver,Snapdragon
525,75990.0,3,Hp,16.0,512,Silver,Intel
526,44990.0,4,Acer,8.0,256,Silver,AMD
527,73990.0,4,Apple,8.0,256,Grey,Unknown
528,475490.0,5,Apple,36.0,2048,Silver,Unknown
529,81490.0,5,Dell,16.0,512,Silver,Intel
530,53990.0,2,Dell,8.0,512,Black,Unknown
531,73990.0,4,Apple,8.0,256,Silver,Unknown
532,141990.0,5,Dell,16.0,512,White,Intel
533,69990.0,3,Hp,16.0,512,Silver,Snapdragon
534,75990.0,3,Hp,16.0,512,Silver,Intel
535,49990.0,3,Acer,8.0,512,Silver,AMD
536,73990.0,4,Apple,8.0,256,Grey,Unknown
537,73990.0,4,Apple,8.0,256,Silver,Unknown
538,475490.0,5,Apple,36.0,2048,Silver,Unknown
539,194990.0,4,Apple,24.0,1024,Silver,Unknown
540,62490.0,4,Dell,16.0,512,Black,Intel
541,589990.0,4,Apple,48.0,2048,Black,Unknown
542,49990.0,3,Acer,8.0,512,Silver,AMD
543,69990.0,3,Hp,16.0,512,Silver,Snapdragon
544,464490.0,5,Apple,36.0,2048,Black,Unknown
545,73990.0,4,Apple,8.0,256,Grey,Unknown
546,73990.0,4,Apple,8.0,256,Silver,Unknown
547,75990.0,3,Hp,16.0,512,Silver,Intel
548,194990.0,4,Apple,24.0,1024,Silver,Unknown
549,589990.0,4,Apple,48.0,2048,Black,Unknown
550,167490.0,5,Dell,15.20558882235529,512,Silver,AMD
551,75990.0,3,Hp,16.0,512,Silver,Intel
552,49990.0,3,Acer,8.0,512,Silver,AMD
553,342490.0,4,Apple,24.0,2048,Silver,Unknown
554,69990.0,3,Hp,16.0,512,Silver,Snapdragon
555,172490.0,4,Apple,16.0,1024,Silver,Unknown
556,53990.0,2,Dell,8.0,512,Black,Unknown
557,73990.0,4,Apple,8.0,256,Grey,Unknown
558,73990.0,4,Apple,8.0,256,Silver,Unknown
559,81490.0,5,Dell,16.0,512,Silver,Intel
